{
    "viewer": {
        "location": {
            "extent": null,
            "center": [ -120.38298432016748, 50.677415757969214 ],
            "zoom": 11
        }
    }
}